{
	"credit": "Made with Blockbench",
	"parent": "item/generated",
	"textures": {
		"layer0": "item/bow"
	},
	"overrides": [
		{"predicate": {"pulling": 1}, "model": "item/bow_pulling_0"},
		{"predicate": {"pulling": 1, "pull": 0.65}, "model": "item/bow_pulling_1"},
		{"predicate": {"pulling": 1, "pull": 0.9}, "model": "item/bow_pulling_2"}
	],
	"display": {
		"thirdperson_righthand": {
			"rotation": [-159.3, -86.54, 16.72],
			"translation": [-1, -2, 2.5],
			"scale": [1.2, 1.2, 1.2]
		},
		"thirdperson_lefthand": {
			"rotation": [-159.3, -86.54, 16.72],
			"translation": [-1, -2, 2.5],
			"scale": [1.2, 1.2, 1.2]
		},
		"firstperson_righthand": {
			"rotation": [-159.3, -86.54, 16.72],
			"translation": [-1, 7.5, 2.5],
			"scale": [1, 1, 0.74]
		},
		"firstperson_lefthand": {
			"rotation": [-159.3, -86.54, 16.72],
			"translation": [-1, 7.5, 2.5],
			"scale": [1, 1, 0.74]
		},
		"ground": {
			"rotation": [18.08, -3.26, -19.7],
			"translation": [0, 9, 0],
			"scale": [1.3, 1.3, 1.31]
		},
		"head": {
			"rotation": [-159.3, -86.54, 16.72],
			"translation": [-1, 7.5, 2.5],
			"scale": [1, 1, 0.74]
		},
		"fixed": {
			"scale": [1.1, 1.1, 1]
		}
	}
}